<?xml version="1.0" encoding="utf-8" ?>
<Patch>
    <Operation Class="PatchOperationFindMod">
        <mods>
            <li>Dubs Rimatomics</li>
        </mods>
        <match Class="PatchOperationSequence">
            <operations>
                <li Class="PatchOperationRemove">
                    <xpath>Defs/Def[price]/price</xpath>
                </li>
                <li Class="PatchOperationRemove">
                    <xpath>Defs/Def[PointCost]/PointCost</xpath>
                </li>
                <li Class="PatchOperationRemove">
                    <xpath>Defs/Def[WorkType]/WorkType</xpath>
                </li>
                <li Class="PatchOperationRemove">
                    <xpath>Defs/Def[SkillLevel]/SkillLevel</xpath>
                </li>
                <li Class="PatchOperationRemove">
                    <xpath>Defs/ThingDef[@Class="Rimatomics.RimatomicsThingDef"]/constructionSkillPrerequisite</xpath>
                </li>
                <li Class="PatchOperationRemove">
                    <xpath>Defs/ThingDef[@ParentName="BasedRimatomicsMom"]/constructionSkillPrerequisite</xpath>
                </li>

                <li Class="PatchOperationRemove">
                    <xpath>Defs/ThingDef[@Class="Rimatomics.RimatomicsThingDef"]/costList</xpath>
                </li>
                <li Class="PatchOperationRemove">
                    <xpath>Defs/ThingDef[@ParentName="BasedRimatomicsMom"]/costList</xpath>
                </li>
                <li Class="PatchOperationRemove">
                    <xpath>Defs/ThingDef[@ParentName="BasedPower"]/costList</xpath>
                </li>
                <li Class="PatchOperationRemove">
                    <xpath>Defs/ThingDef[@ParentName="RimatomicResourceBase"]/costList</xpath>
                </li>
                <li Class="PatchOperationRemove">
                    <xpath>Defs/ThingDef[@Name="BasedWarhead"]/costList</xpath>
                </li>
                <li Class="PatchOperationRemove">
                    <xpath>Defs/ThingDef[@ParentName="BasedWarhead"]/costList</xpath>
                </li>
                <li Class="PatchOperationRemove">
                    <xpath>Defs/ThingDef[@ParentName="UpgradePart"]/costList</xpath>
                </li>

                <li Class="PatchOperationRemove">
                    <xpath>Defs/ThingDef[defName="PotassiumIodide"]/costList</xpath>
                </li>
                <li Class="PatchOperationRemove">
                    <xpath>Defs/ThingDef[defName="DU_Blastdoor"]/costList</xpath>
                </li>

                <li Class="PatchOperationReplace">
                    <xpath>Defs/RecipeDef[@Name="MakeFuelRodsBase"]/workAmount</xpath>
                    <value>
                        <workAmount>1</workAmount>
                    </value>
                </li>
                <li Class="PatchOperationReplace">
                    <xpath>Defs/RecipeDef[@Name="MakeFuelRodsBase"]/skillRequirements</xpath>
                    <value>
                        <skillRequirements>
                            <Crafting>1</Crafting>
                          </skillRequirements>
                    </value>
                </li>
                <li Class="PatchOperationReplace">
                    <xpath>Defs/RecipeDef[@ParentName="MakeFuelRodsBase"]/ingredients</xpath>
                    <value>
                        <ingredients>
                            <li>
                              <filter>
                                <thingDefs>
                                  <li>Steel</li>
                                </thingDefs>
                              </filter>
                              <count>1</count>
                            </li>
                          </ingredients>
                    </value>
                </li>
                <li Class="PatchOperationReplace">
                    <xpath>Defs/RecipeDef[@ParentName="MakeFuelRodsBase"]/fixedIngredientFilter</xpath>
                    <value>
                        <fixedIngredientFilter>
                            <thingDefs>
                              <li>Steel</li>
                            </thingDefs>
                          </fixedIngredientFilter>
                    </value>
                </li>

                <li Class="PatchOperationReplace">
                    <xpath>Defs/ThingDef[defName="CoolingRadiator"]/CoolingCapacityWatts</xpath>
                    <value>
                        <CoolingCapacityWatts>1000000</CoolingCapacityWatts>
                    </value>
                </li>
                <li Class="PatchOperationReplace">
                    <xpath>Defs/ThingDef[defName="CoolingWater"]/CoolingCapacityWatts</xpath>
                    <value>
                        <CoolingCapacityWatts>1000000</CoolingCapacityWatts>
                    </value>
                </li>
                <li Class="PatchOperationReplace">
                    <xpath>Defs/ThingDef[defName="CoolingTower"]/CoolingCapacityWatts</xpath>
                    <value>
                        <CoolingCapacityWatts>2000000</CoolingCapacityWatts>
                    </value>
                </li>
            </operations>
        </match>
    </Operation>
</Patch>